time	glucose
0	3.9
0.55468	3.9
1.07862	3.85
1.64674	3.85
2.16743	3.8
2.65573	3.75
3.17714	3.7
4.19315	3.7
5.27296	3.7
5.84591	7.572385
6.33758	7.256668333
6.82719	6.599072778
8.42317	5.250839444
9.46975	4.875799444
10.48679	4.71773
11.02362	4.65
11.57655	4.6
12.00633	4.5
12.56029	4.45
13.54573	4.4
14.68561	4.3
15.61058	4.25
16.32013	4.25
16.75216	4.25
17.27631	4.24
17.83146	4.22
18.29402	4.2
18.91095	4.15
19.37367	4.15
19.89774	4.1
20.97675	4.05
21.96378	4
22.98217	3.95
23.96935	3.9
24	3.9
